{"cameraMode":{"drawMode":0,"name":"Shaded","section":"Shading Mode"},"sceneLighting":false,"audioPlay":false,"sceneViewState":{"m_AlwaysRefresh":false,"showFog":true,"showSkybox":false,"showFlares":true,"showImageEffects":true,"showParticleSystems":true,"showVisualEffectGraphs":true,"m_FxEnabled":true},"in2DMode":false,"pivot":{"x":9.918194770812989,"y":-0.2664260268211365,"z":-4.253199100494385},"rotation":{"x":0.019512636587023736,"y":-0.8067454099655151,"z":0.026607928797602655,"w":0.5900436639785767},"size":11.132730484008789,"orthographic":false}